PassengerId,Survived,Pclass,Name,Sex,Age,SibSp,Parch,Ticket,Fare,Cabin,Embarked
1,0,3,"Johnson, Miss. Anna",male,60.2,0,1,STON/O2 487649,13.1998,,S
2,1,3,"Williams, Mrs. Mary",female,21.5,1,1,STON/O2 75442,9.6025,,S
3,1,2,"Brown, Miss. Elizabeth",female,40.4,0,0,STON/O2 961750,22.0966,,S
4,0,3,"Davis, Mrs. Margaret",male,,0,0,PC 580886,12.0658,,S
5,0,1,"Wilson, Miss. Emily",male,48.2,0,0,SOTON 128309,95.4824,,S
6,0,2,"Smith, Mr. John",male,51.9,0,3,A/5 514644,34.5281,,S
7,0,3,"Miller, Mr. Thomas",male,30.4,0,0,PC 555840,13.8571,D45,S
8,1,1,"Taylor, Mr. William",female,19.5,0,1,A/5 404552,68.4633,,C
9,0,1,"Anderson, Mr. James",male,,0,0,W/C 148278,80.8915,,S
10,0,1,"Thomas, Mr. Charles",female,20.5,0,0,CA 19361,67.7875,D117,S
11,0,1,"Braund, Mr. Owen Harris",male,58.2,0,0,W/C 521581,20.8681,D19,S
12,1,1,"Cumings, Mrs. John Bradley",female,31.9,0,0,CA 551104,119.3101,,Q
13,0,3,"Heikkinen, Miss. Laina",female,24.9,1,1,CA 235295,18.2851,D127,S
14,0,2,"Futrelle, Mrs. Jacques Heath",male,,0,1,CA 930245,47.3688,D149,S
15,0,3,"Allen, Mr. William Henry",male,,0,1,PC 385474,26.3409,,S
16,0,3,"Moran, Mr. James",male,16.4,0,0,CA 769230,6.1203,D3,C
17,0,2,"McCarthy, Mr. Timothy J",male,46.8,1,0,CA 654832,21.2268,,Q
18,0,2,"Palsson, Master. Gosta Leonard",male,20.8,0,0,A/5 534703,53.2548,,S
19,0,2,"Johnson, Miss. Anna",male,15.3,0,0,W/C 409224,24.5438,,S
20,0,3,"Williams, Mrs. Mary",male,37.5,1,0,SOTON 458291,14.4286,,C
21,0,2,"Brown, Miss. Elizabeth",male,46.6,1,0,A/5 720745,7.8873,,S
22,0,3,"Davis, Mrs. Margaret",male,40.1,0,0,SOTON 635493,13.8792,,S
23,0,2,"Wilson, Miss. Emily",male,43.9,0,5,STON/O2 17259,46.7343,,S
24,0,3,"Smith, Mr. John",male,,1,0,CA 141721,20.5268,,S
25,0,2,"Miller, Mr. Thomas",male,10.1,3,0,STON/O2 322402,18.1377,,S
26,1,2,"Taylor, Mr. William",female,,1,0,W/C 274949,20.5414,,S
27,0,3,"Anderson, Mr. James",male,25.5,0,0,SOTON 255599,6.3842,,S
28,0,3,"Thomas, Mr. Charles",male,26.5,0,0,CA 75280,8.0207,,Q
29,0,1,"Braund, Mr. Owen Harris",male,48.6,0,2,W/C 369921,11.2324,,S
30,0,3,"Cumings, Mrs. John Bradley",male,37.8,1,1,PC 485609,12.5038,,C
31,0,3,"Heikkinen, Miss. Laina",male,36.4,0,2,W/C 358509,21.8341,,S
32,0,3,"Futrelle, Mrs. Jacques Heath",male,60.3,0,4,PC 275535,15.0793,,S
33,0,3,"Allen, Mr. William Henry",male,21,1,0,W/C 982086,20.9925,D80,S
34,1,2,"Moran, Mr. James",female,,0,0,A/5 708288,37.0741,,Q
35,0,1,"McCarthy, Mr. Timothy J",female,30.8,1,0,SOTON 345543,60.3149,,C
36,1,2,"Palsson, Master. Gosta Leonard",female,33.8,0,0,CA 774360,16.4556,,S
37,0,3,"Johnson, Miss. Anna",male,,0,0,SOTON 225402,8.7811,D130,C
38,0,3,"Williams, Mrs. Mary",male,37.1,0,0,CA 926423,2.9552,,S
39,1,2,"Brown, Miss. Elizabeth",female,37.5,1,0,A/5 502854,25.3637,,Q
40,0,1,"Davis, Mrs. Margaret",male,45,0,0,STON/O2 965900,0,,S
41,0,3,"Wilson, Miss. Emily",male,24.9,0,0,A/5 698615,16.4598,,Q
42,0,3,"Smith, Mr. John",male,,2,0,A/5 129165,13.4205,,S
43,0,3,"Miller, Mr. Thomas",male,15.4,0,0,STON/O2 402392,15.7579,,S
44,1,1,"Taylor, Mr. William",female,2.5,0,0,PC 450622,118.0526,,S
45,1,2,"Anderson, Mr. James",male,58.8,0,0,W/C 526957,27.2364,,S
46,0,1,"Thomas, Mr. Charles",female,14.6,0,0,A/5 742142,138.7366,,S
47,0,3,"Braund, Mr. Owen Harris",male,26.9,0,0,W/C 308003,16.6384,,S
48,1,1,"Cumings, Mrs. John Bradley",male,26.1,0,0,STON/O2 707443,52.7434,,S
49,0,3,"Heikkinen, Miss. Laina",male,34.3,0,1,SOTON 545611,11.6094,D96,S
50,0,2,"Futrelle, Mrs. Jacques Heath",male,41.4,0,0,PC 531309,0,,S
51,0,3,"Allen, Mr. William Henry",female,,0,0,W/C 302951,7.7222,,S
52,0,3,"Moran, Mr. James",female,21.8,0,0,PC 313499,10.7712,,Q
53,0,3,"McCarthy, Mr. Timothy J",female,,0,0,SOTON 271855,16.1957,,S
54,0,1,"Palsson, Master. Gosta Leonard",female,34,0,1,A/5 589321,52.987,,S
55,1,1,"Johnson, Miss. Anna",male,26.5,0,0,CA 873910,35.1345,D17,S
56,0,1,"Williams, Mrs. Mary",female,52.5,0,0,CA 746147,12.0489,,S
57,0,3,"Brown, Miss. Elizabeth",male,36.9,0,0,A/5 222666,9.511,,S
58,0,3,"Davis, Mrs. Margaret",male,,1,0,W/C 266237,24.4125,,S
59,0,3,"Wilson, Miss. Emily",male,39.3,0,0,SOTON 715166,14.586,D56,S
60,0,3,"Smith, Mr. John",male,46.4,2,0,STON/O2 125501,18.4965,,Q
61,0,3,"Miller, Mr. Thomas",male,32.5,2,0,SOTON 617798,7.7347,,S
62,1,1,"Taylor, Mr. William",male,11.8,0,0,SOTON 623107,23.3558,,S
63,0,3,"Anderson, Mr. James",female,35.6,0,0,PC 236603,5.8567,,S
64,0,2,"Thomas, Mr. Charles",male,20.9,0,0,A/5 561591,23.9073,,S
65,0,2,"Braund, Mr. Owen Harris",male,22.6,1,0,W/C 515908,2.5661,D76,C
66,0,3,"Cumings, Mrs. John Bradley",male,,0,0,PC 524526,7.1114,,S
67,0,1,"Heikkinen, Miss. Laina",male,,0,0,W/C 396556,58.891,,S
68,1,1,"Futrelle, Mrs. Jacques Heath",female,30.3,0,0,SOTON 748075,32.4467,,S
69,0,3,"Allen, Mr. William Henry",male,34.3,1,0,PC 563345,0.5765,,S
70,0,1,"Moran, Mr. James",female,53.8,1,2,W/C 714348,90.4275,,S
71,0,3,"McCarthy, Mr. Timothy J",female,33.4,0,0,PC 270289,13.2683,D109,C
72,0,2,"Palsson, Master. Gosta Leonard",male,66.4,0,0,W/C 829155,33.7641,,C
73,0,2,"Johnson, Miss. Anna",male,37.9,0,0,STON/O2 417968,12.5077,,Q
74,1,2,"Williams, Mrs. Mary",female,5.3,0,0,STON/O2 732385,33.5491,,C
75,1,2,"Brown, Miss. Elizabeth",female,40.5,1,0,SOTON 737664,42.2047,,S
76,0,3,"Davis, Mrs. Margaret",female,35.3,0,0,A/5 633956,14.534,,S
77,1,2,"Wilson, Miss. Emily",female,48.1,0,0,A/5 505788,18.1382,,C
78,0,3,"Smith, Mr. John",male,39.4,0,2,A/5 842462,13.8487,D148,C
79,0,3,"Miller, Mr. Thomas",male,28.1,1,0,W/C 113789,9.1519,,C
80,0,3,"Taylor, Mr. William",male,,1,0,STON/O2 744766,8.1779,,S
81,1,3,"Anderson, Mr. James",female,27.1,0,1,A/5 845355,16.9971,,S
82,0,3,"Thomas, Mr. Charles",male,18.1,1,0,SOTON 186102,12.1866,,C
83,1,1,"Braund, Mr. Owen Harris",male,21.9,0,2,A/5 769821,123.3834,D66,C
84,1,1,"Cumings, Mrs. John Bradley",male,38.2,0,0,W/C 758596,64.0728,,Q
85,0,2,"Heikkinen, Miss. Laina",male,53.4,0,1,CA 78088,21.1618,,S
86,0,3,"Futrelle, Mrs. Jacques Heath",male,35.5,0,0,A/5 570955,9.6859,,S
87,1,1,"Allen, Mr. William Henry",female,13.3,0,0,CA 940989,39.6734,,S
88,0,3,"Moran, Mr. James",male,36.2,2,2,SOTON 928366,17.7644,,C
89,1,3,"McCarthy, Mr. Timothy J",female,46.8,0,0,CA 863380,25.7864,,S
90,0,2,"Palsson, Master. Gosta Leonard",male,,0,0,STON/O2 859312,20.6999,,S
91,0,3,"Johnson, Miss. Anna",male,28.1,0,0,A/5 902495,9.0191,,Q
92,1,1,"Williams, Mrs. Mary",female,30.2,0,0,PC 881650,53.1684,,S
93,1,1,"Brown, Miss. Elizabeth",female,19,1,0,CA 937827,55.5296,D57,C
94,0,3,"Davis, Mrs. Margaret",male,39.1,0,0,W/C 122266,22.6512,D147,S
95,0,3,"Wilson, Miss. Emily",female,28.3,0,0,CA 4679,8.7969,,C
96,0,3,"Smith, Mr. John",male,35.9,1,0,PC 565596,9.5762,,S
97,0,2,"Miller, Mr. Thomas",male,17.6,0,0,A/5 696202,11.046,,C
98,0,2,"Taylor, Mr. William",male,23.9,0,0,A/5 988036,28.3035,D4,Q
99,0,3,"Anderson, Mr. James",male,,0,0,STON/O2 530983,12.6067,,S
100,0,3,"Thomas, Mr. Charles",male,24.8,0,0,SOTON 583787,6.3475,,S
101,0,3,"Braund, Mr. Owen Harris",male,54.2,8,0,CA 718583,7.7769,,S
102,0,2,"Cumings, Mrs. John Bradley",male,24.4,1,0,CA 453532,42.2455,,S
103,0,3,"Heikkinen, Miss. Laina",male,33.1,0,0,SOTON 7764,13.1913,,C
104,0,2,"Futrelle, Mrs. Jacques Heath",male,43.1,1,0,A/5 639119,26.144,,S
105,1,1,"Allen, Mr. William Henry",female,,0,0,SOTON 295067,83.8035,D117,S
106,0,3,"Moran, Mr. James",male,,0,1,PC 883143,21.1586,,S
107,1,1,"McCarthy, Mr. Timothy J",male,8.6,0,0,SOTON 912345,42.3723,,C
108,1,3,"Palsson, Master. Gosta Leonard",female,47.7,0,0,CA 244772,10.6811,,Q
109,0,2,"Johnson, Miss. Anna",male,22.3,0,0,A/5 57440,23.0991,,S
110,0,1,"Williams, Mrs. Mary",male,65.8,0,1,PC 447021,18.0377,,S
111,0,3,"Brown, Miss. Elizabeth",male,22.1,2,2,A/5 646615,7.6406,D25,S
112,0,3,"Davis, Mrs. Margaret",male,32.6,0,0,A/5 902624,19.123,,S
113,1,3,"Wilson, Miss. Emily",female,51.6,0,0,CA 950192,17.4472,,S
114,0,3,"Smith, Mr. John",female,,0,1,STON/O2 817196,18.4818,,S
115,0,3,"Miller, Mr. Thomas",male,58.9,0,0,A/5 170573,9.5538,D50,S
116,0,3,"Taylor, Mr. William",female,46.9,0,0,W/C 135288,10.2757,,S
117,1,3,"Anderson, Mr. James",female,44.3,0,0,A/5 94778,2.5398,D15,S
118,0,2,"Thomas, Mr. Charles",male,38.3,1,0,A/5 649576,35.4843,,S
119,0,3,"Braund, Mr. Owen Harris",female,40.9,0,2,SOTON 111573,19.4154,,S
120,0,1,"Cumings, Mrs. John Bradley",male,22.3,0,5,STON/O2 936365,119.0212,,C
121,1,3,"Heikkinen, Miss. Laina",female,18.5,0,0,STON/O2 506349,22.3839,,S
122,0,3,"Futrelle, Mrs. Jacques Heath",female,30,0,0,A/5 19781,15.4693,,S
123,0,1,"Allen, Mr. William Henry",male,27.6,0,1,W/C 258506,136.0477,,S
124,0,3,"Moran, Mr. James",male,23.7,1,0,PC 416794,11.8272,D148,C
125,0,3,"McCarthy, Mr. Timothy J",male,39.7,0,0,STON/O2 893466,2.663,,Q
126,1,1,"Palsson, Master. Gosta Leonard",male,43.4,0,2,CA 555070,110.9861,D35,S
127,0,3,"Johnson, Miss. Anna",female,31.2,0,0,CA 673339,2.4472,,S
128,0,3,"Williams, Mrs. Mary",female,50.7,0,0,STON/O2 262161,13.9957,,S
129,1,1,"Brown, Miss. Elizabeth",male,14,0,0,STON/O2 525344,114.3917,,S
130,0,3,"Davis, Mrs. Margaret",male,,1,1,PC 396459,14.8969,,S
131,1,2,"Wilson, Miss. Emily",male,,0,0,W/C 712741,50.6302,D100,S
132,0,3,"Smith, Mr. John",male,3.9,1,0,SOTON 370841,1.4993,,S
133,0,3,"Miller, Mr. Thomas",male,,0,0,CA 21505,12.5153,,S
134,0,3,"Taylor, Mr. William",male,28.3,1,0,PC 558813,13.1021,,S
135,1,3,"Anderson, Mr. James",female,51.2,0,1,STON/O2 97008,5.137,,S
136,0,3,"Thomas, Mr. Charles",male,38.8,0,0,SOTON 727547,6.2507,,S
137,0,3,"Braund, Mr. Owen Harris",male,15.7,0,0,PC 327380,8.056,,S
138,0,2,"Cumings, Mrs. John Bradley",female,56,2,0,PC 135607,12.629,,S
139,0,3,"Heikkinen, Miss. Laina",male,47.1,0,3,W/C 739384,12.3682,,C
140,0,1,"Futrelle, Mrs. Jacques Heath",female,38.1,0,0,W/C 526196,58.2933,,S
141,0,3,"Allen, Mr. William Henry",female,26.8,0,2,CA 202225,14.8598,D134,S
142,1,1,"Moran, Mr. James",male,,1,0,A/5 96967,103.3795,D106,Q
143,0,1,"McCarthy, Mr. Timothy J",male,24.8,0,1,W/C 560367,100.944,,S
144,1,1,"Palsson, Master. Gosta Leonard",male,45.2,1,1,SOTON 112889,65.2355,D45,S
145,0,3,"Johnson, Miss. Anna",male,,0,0,PC 263063,14.6642,,S
146,0,2,"Williams, Mrs. Mary",male,51.6,0,3,CA 963824,36.6452,,C
147,1,3,"Brown, Miss. Elizabeth",male,23.2,0,0,STON/O2 353053,15.6066,,Q
148,0,1,"Davis, Mrs. Margaret",male,14.3,2,0,PC 424380,146.9232,,C
149,0,2,"Wilson, Miss. Emily",male,32,0,0,W/C 976323,36.0495,,S
150,0,3,"Smith, Mr. John",male,5.2,2,0,CA 2049,23.0527,D114,S
151,0,3,"Miller, Mr. Thomas",female,34.5,0,0,PC 306415,0,,S
152,0,2,"Taylor, Mr. William",male,27.9,0,0,PC 460567,26.0876,,S
153,0,3,"Anderson, Mr. James",male,23.5,0,0,STON/O2 59097,11.105,,S
154,0,3,"Thomas, Mr. Charles",male,7.7,0,0,W/C 288181,12.2689,,S
155,0,3,"Braund, Mr. Owen Harris",female,37.2,1,0,A/5 511708,8.291,D122,C
156,0,1,"Cumings, Mrs. John Bradley",male,22.5,2,0,PC 975687,94.2632,,S
157,1,1,"Heikkinen, Miss. Laina",female,13.6,1,0,W/C 825726,14.8992,D75,S
158,0,3,"Futrelle, Mrs. Jacques Heath",female,0.4,1,0,W/C 981013,15.3601,D31,S
159,0,1,"Allen, Mr. William Henry",male,29.6,0,0,STON/O2 583438,52.2184,,C
160,0,3,"Moran, Mr. James",female,54.8,0,0,SOTON 196543,10.0727,,C
161,0,3,"McCarthy, Mr. Timothy J",male,53.3,2,0,CA 773687,15.5652,,S
162,0,3,"Palsson, Master. Gosta Leonard",male,23.6,0,1,W/C 964265,13.4608,,S
163,0,3,"Johnson, Miss. Anna",male,21.6,1,2,W/C 624756,19.1654,,S
164,0,3,"Williams, Mrs. Mary",male,36.6,1,0,CA 959254,7.3284,,Q
165,0,2,"Brown, Miss. Elizabeth",male,16,0,0,STON/O2 939760,24.0921,,S
166,0,3,"Davis, Mrs. Margaret",female,34.2,4,2,PC 517304,18.1993,,S
167,0,2,"Wilson, Miss. Emily",male,40.7,0,1,STON/O2 527748,29.0635,,S
168,0,3,"Smith, Mr. John",male,47.2,0,0,SOTON 842130,15.4897,,S
169,0,3,"Miller, Mr. Thomas",male,28.6,0,2,W/C 889178,19.4821,,C
170,0,3,"Taylor, Mr. William",male,27.1,0,0,PC 33175,10.6235,,S
171,0,3,"Anderson, Mr. James",female,17.7,0,0,CA 437374,9.3915,,S
172,0,3,"Thomas, Mr. Charles",male,,0,0,A/5 682336,16.369,,S
173,0,2,"Braund, Mr. Owen Harris",male,26.8,1,0,SOTON 341822,23.3189,D32,S
174,0,2,"Cumings, Mrs. John Bradley",male,,2,0,W/C 511559,37.6248,,Q
175,0,3,"Heikkinen, Miss. Laina",male,42.8,0,0,SOTON 974169,15.1632,,S
176,1,1,"Futrelle, Mrs. Jacques Heath",male,18.8,0,0,STON/O2 247464,57.5594,,C
177,0,1,"Allen, Mr. William Henry",female,50.9,2,1,PC 960468,92.1818,,C
178,0,2,"Moran, Mr. James",male,26.2,0,1,SOTON 116064,14.8446,,S
179,1,2,"McCarthy, Mr. Timothy J",female,29.7,0,0,SOTON 54365,35.6529,,S
180,0,2,"Palsson, Master. Gosta Leonard",male,,0,1,SOTON 918947,9.282,,S
181,0,1,"Johnson, Miss. Anna",male,0.4,0,1,STON/O2 422396,123.9943,,C
182,0,1,"Williams, Mrs. Mary",male,42.4,0,1,CA 962169,91.5516,D78,S
183,1,1,"Brown, Miss. Elizabeth",female,40.3,2,0,SOTON 360221,74.0758,,S
184,1,3,"Davis, Mrs. Margaret",female,,0,0,PC 69247,17.4655,,S
185,0,2,"Wilson, Miss. Emily",male,30.9,0,2,SOTON 154560,30.7524,,C
186,1,2,"Smith, Mr. John",female,,0,0,CA 510627,39.9668,,S
187,0,3,"Miller, Mr. Thomas",female,8.1,0,0,A/5 291042,20.7282,,S
188,0,1,"Taylor, Mr. William",male,22.6,0,0,W/C 97707,92.6825,,S
189,0,3,"Anderson, Mr. James",male,41.1,1,0,PC 48003,7.9001,D95,S
190,0,3,"Thomas, Mr. Charles",male,12.4,1,0,STON/O2 964750,9.8322,,C
191,1,1,"Braund, Mr. Owen Harris",male,34.1,0,0,PC 584318,77.4207,,S
192,0,2,"Cumings, Mrs. John Bradley",female,11,1,0,W/C 396215,37.1694,,C
193,0,3,"Heikkinen, Miss. Laina",female,36.5,1,1,PC 470655,10.3301,D69,S
194,0,3,"Futrelle, Mrs. Jacques Heath",male,29.5,1,1,A/5 507220,10.8183,,S
195,0,3,"Allen, Mr. William Henry",male,7.4,0,0,A/5 792877,23.8129,D5,S
196,0,3,"Moran, Mr. James",male,46.3,0,2,SOTON 674400,12.3899,,S
197,1,1,"McCarthy, Mr. Timothy J",female,19.7,0,0,SOTON 982819,57.1497,D91,S
198,0,3,"Palsson, Master. Gosta Leonard",female,18.7,0,0,PC 792644,17.5434,,S
199,1,1,"Johnson, Miss. Anna",female,32.8,0,0,CA 581526,77.9792,,S
200,1,3,"Williams, Mrs. Mary",female,,0,1,STON/O2 317015,4.8708,D15,S
201,0,3,"Brown, Miss. Elizabeth",male,15.8,1,2,A/5 471938,19.0893,D105,S
202,0,3,"Davis, Mrs. Margaret",male,30.9,1,0,W/C 136467,8.6298,,C
203,0,3,"Wilson, Miss. Emily",male,36,1,1,STON/O2 409506,13.255,D72,S
204,1,1,"Smith, Mr. John",female,39.7,0,0,CA 401686,77.547,,S
205,1,1,"Miller, Mr. Thomas",male,32.5,1,0,PC 103652,88.2836,,S
206,0,1,"Taylor, Mr. William",male,24.9,0,0,W/C 581061,1.1213,,C
207,0,1,"Anderson, Mr. James",male,18.4,0,0,A/5 520846,67.9364,,C
208,1,3,"Thomas, Mr. Charles",female,31.2,0,0,SOTON 906375,19.5803,D134,S
209,1,2,"Braund, Mr. Owen Harris",male,15,0,1,A/5 770189,39.2363,,C
210,0,1,"Cumings, Mrs. John Bradley",male,0.4,0,0,SOTON 790770,44.3135,,S
211,0,3,"Heikkinen, Miss. Laina",male,36.1,1,0,PC 137559,18.3855,,S
212,1,3,"Futrelle, Mrs. Jacques Heath",female,42.7,0,0,STON/O2 227137,8.5456,,C
213,1,3,"Allen, Mr. William Henry",female,0.4,1,0,CA 995320,10.809,,C
214,0,3,"Moran, Mr. James",male,15.9,0,1,CA 160876,11.1164,D75,S
215,1,1,"McCarthy, Mr. Timothy J",female,38.7,0,0,CA 274302,83.9169,,C
216,0,2,"Palsson, Master. Gosta Leonard",male,58.8,0,0,W/C 11547,36.2654,,S
217,0,3,"Johnson, Miss. Anna",male,,0,1,PC 265603,14.5478,,C
218,0,3,"Williams, Mrs. Mary",female,19.8,0,0,A/5 64146,12.2621,,S
219,1,1,"Brown, Miss. Elizabeth",male,27.4,0,0,PC 969374,114.8232,,S
220,0,3,"Davis, Mrs. Margaret",female,49.2,0,0,PC 366871,8.3044,D62,S
221,1,1,"Wilson, Miss. Emily",female,21,0,0,SOTON 83970,77.2202,,S
222,0,1,"Smith, Mr. John",male,18.8,0,0,PC 170319,115.8481,,S
223,0,3,"Miller, Mr. Thomas",male,23.2,1,0,CA 560865,16.0964,,S
224,0,3,"Taylor, Mr. William",male,16.7,0,1,PC 923180,10.2721,,S
225,0,3,"Anderson, Mr. James",male,,1,1,PC 443900,4.1492,,S
226,0,1,"Thomas, Mr. Charles",male,,0,0,W/C 681834,91.1909,,S
227,0,3,"Braund, Mr. Owen Harris",female,,2,0,W/C 782160,3.7648,,S
228,0,2,"Cumings, Mrs. John Bradley",male,,1,1,SOTON 73828,22.6094,D79,S
229,0,1,"Heikkinen, Miss. Laina",female,,0,0,PC 352206,122.4421,,C
230,0,3,"Futrelle, Mrs. Jacques Heath",male,8.1,0,0,A/5 221073,16.491,,C
231,0,3,"Allen, Mr. William Henry",female,42.4,1,0,CA 224393,1.1616,,C
232,0,3,"Moran, Mr. James",male,28.9,0,1,PC 859899,14.1726,,S
233,0,3,"McCarthy, Mr. Timothy J",male,27.5,0,0,A/5 985131,11.1329,,C
234,0,3,"Palsson, Master. Gosta Leonard",male,74.7,0,0,SOTON 410579,5.5488,D13,S
235,0,3,"Johnson, Miss. Anna",male,34.2,1,0,STON/O2 453220,14.9599,,S
236,0,1,"Williams, Mrs. Mary",female,,1,1,PC 54806,62.2974,,S
237,0,2,"Brown, Miss. Elizabeth",male,24,0,0,SOTON 601280,19.5377,,C
238,0,2,"Davis, Mrs. Margaret",male,,0,3,A/5 342115,26.3955,,S
239,0,2,"Wilson, Miss. Emily",male,31.6,0,0,SOTON 174217,17.9588,,S
240,0,3,"Smith, Mr. John",male,9.9,0,0,A/5 311725,13.5601,D85,S
241,1,3,"Miller, Mr. Thomas",female,42.9,3,0,PC 881077,9.529,D53,C
242,1,1,"Taylor, Mr. William",female,20.6,0,0,STON/O2 70837,60.6154,,S
243,1,1,"Anderson, Mr. James",female,56.2,0,2,A/5 219811,115.7455,,S
244,0,3,"Thomas, Mr. Charles",male,,0,0,STON/O2 640068,19.4038,,S
245,0,1,"Braund, Mr. Owen Harris",male,23.7,1,1,PC 811448,18.4884,,S
246,0,3,"Cumings, Mrs. John Bradley",female,47.9,0,0,STON/O2 323666,17.3704,,S
247,0,3,"Heikkinen, Miss. Laina",male,30.9,0,0,A/5 992596,21.1818,,S
248,1,3,"Futrelle, Mrs. Jacques Heath",female,41.9,0,0,SOTON 113099,22.1107,,C
249,1,3,"Allen, Mr. William Henry",female,,0,0,W/C 789356,16.0442,,S
250,0,3,"Moran, Mr. James",female,18.2,0,3,CA 579621,6.8142,,S
251,0,2,"McCarthy, Mr. Timothy J",male,21,0,0,STON/O2 178171,32.0873,,S
252,0,3,"Palsson, Master. Gosta Leonard",male,44.4,0,0,STON/O2 651660,7.9149,,S
253,1,3,"Johnson, Miss. Anna",female,25.3,2,0,PC 968566,10.9937,,S
254,0,2,"Williams, Mrs. Mary",male,24.3,1,0,STON/O2 351639,29.3097,,S
255,0,3,"Brown, Miss. Elizabeth",male,,3,0,SOTON 668567,8.2922,D77,S
256,0,3,"Davis, Mrs. Margaret",male,35.9,0,1,STON/O2 531624,6.2936,D142,C
257,1,3,"Wilson, Miss. Emily",female,,2,0,A/5 731526,15.7248,D86,S
258,1,3,"Smith, Mr. John",female,15.1,0,0,A/5 755805,23.9233,,S
259,0,3,"Miller, Mr. Thomas",male,30.3,0,0,PC 500920,20.2729,D52,C
260,0,3,"Taylor, Mr. William",male,49.8,0,3,PC 46704,17.137,D63,S
261,0,3,"Anderson, Mr. James",male,28.9,0,0,W/C 343135,18.7282,,C
262,0,3,"Thomas, Mr. Charles",female,36.3,1,0,STON/O2 341492,16.7307,,S
263,0,3,"Braund, Mr. Owen Harris",male,,0,0,SOTON 168848,15.6319,D39,S
264,0,3,"Cumings, Mrs. John Bradley",male,,0,0,SOTON 472808,18.2569,,C
265,0,3,"Heikkinen, Miss. Laina",female,27.4,0,0,A/5 925159,4.9951,,S
266,1,1,"Futrelle, Mrs. Jacques Heath",female,43.8,0,0,CA 79563,87.1815,,S
267,0,3,"Allen, Mr. William Henry",female,46.6,0,1,CA 689649,12.5265,,C
268,0,3,"Moran, Mr. James",female,66.3,0,0,CA 100704,13.4616,,S
269,0,1,"McCarthy, Mr. Timothy J",male,38.1,1,1,W/C 916589,63.3906,,S
270,0,3,"Palsson, Master. Gosta Leonard",male,34.6,1,0,STON/O2 324831,16.0449,,S
271,1,1,"Johnson, Miss. Anna",female,32.7,0,0,CA 751909,50.5546,D97,C
272,1,2,"Williams, Mrs. Mary",female,25.1,0,0,CA 905367,18.9941,,Q
273,0,3,"Brown, Miss. Elizabeth",female,34.7,0,0,STON/O2 923285,9.1748,,S
274,1,1,"Davis, Mrs. Margaret",female,25.9,1,0,A/5 505393,111.1021,,S
275,0,3,"Wilson, Miss. Emily",male,32.4,0,0,CA 741749,12.9314,,C
276,0,3,"Smith, Mr. John",male,48.4,0,0,W/C 984682,10.3041,,S
277,1,3,"Miller, Mr. Thomas",female,15.9,0,0,A/5 675292,10.8154,,S
278,1,1,"Taylor, Mr. William",male,,0,5,W/C 615769,80.1397,,S
279,0,2,"Anderson, Mr. James",female,48.4,0,0,STON/O2 794981,43.2495,,C
280,0,3,"Thomas, Mr. Charles",female,28.3,1,2,W/C 681722,5.7664,,C
281,0,3,"Braund, Mr. Owen Harris",female,,0,0,STON/O2 47539,16.9517,,S
282,1,3,"Cumings, Mrs. John Bradley",male,21.5,0,0,W/C 973100,15.7604,,S
283,0,2,"Heikkinen, Miss. Laina",male,48.2,1,0,PC 417232,15.0666,,S
284,0,3,"Futrelle, Mrs. Jacques Heath",male,29.7,1,0,A/5 474484,21.5812,,
285,0,3,"Allen, Mr. William Henry",male,16,0,0,STON/O2 128922,16.1548,,S
286,0,3,"Moran, Mr. James",male,22.9,0,0,STON/O2 305751,10.0298,,C
287,0,1,"McCarthy, Mr. Timothy J",male,,0,2,W/C 13823,13.0611,D22,S
288,0,3,"Palsson, Master. Gosta Leonard",male,,2,1,STON/O2 646970,14.3405,,C
289,0,3,"Johnson, Miss. Anna",male,26.7,0,0,W/C 511119,12.7382,,S
290,0,3,"Williams, Mrs. Mary",male,,2,0,W/C 251476,6.9703,,S
291,1,2,"Brown, Miss. Elizabeth",male,24.5,1,0,CA 55973,13.2593,,S
292,0,3,"Davis, Mrs. Margaret",male,17.1,0,0,PC 671050,18.0808,,S
293,0,3,"Wilson, Miss. Emily",female,,0,0,CA 583176,1.5592,,S
294,1,1,"Smith, Mr. John",male,,0,2,SOTON 87839,91.3142,,Q
295,0,3,"Miller, Mr. Thomas",male,47,0,0,CA 168605,11.9035,,C
296,0,3,"Taylor, Mr. William",male,51.3,0,0,STON/O2 517754,15.9084,,S
297,1,1,"Anderson, Mr. James",female,,0,0,STON/O2 102131,69.405,,S
298,0,2,"Thomas, Mr. Charles",male,,3,0,STON/O2 713261,28.2993,,Q
299,0,3,"Braund, Mr. Owen Harris",male,35.7,0,0,CA 984770,8.6548,,S
300,1,1,"Cumings, Mrs. John Bradley",male,,1,0,A/5 959872,78.2286,,S
301,0,3,"Heikkinen, Miss. Laina",male,17.3,0,0,PC 639210,15.8611,,S
302,0,2,"Futrelle, Mrs. Jacques Heath",male,34.5,0,0,STON/O2 595003,26.6973,,Q
303,0,3,"Allen, Mr. William Henry",male,13.5,0,0,CA 598654,15.2248,,S
304,1,1,"Moran, Mr. James",male,46.6,0,4,STON/O2 482193,46.5948,,S
305,0,3,"McCarthy, Mr. Timothy J",female,23.5,2,0,STON/O2 39311,9.5446,D141,Q
306,0,3,"Palsson, Master. Gosta Leonard",female,32.8,0,0,W/C 628475,9.646,,S
307,0,3,"Johnson, Miss. Anna",male,,0,0,STON/O2 87879,11.3825,,S
308,0,3,"Williams, Mrs. Mary",male,26.4,0,0,CA 67202,20.9477,D117,S
309,1,1,"Brown, Miss. Elizabeth",female,38.2,0,0,SOTON 749779,67.2496,,C
310,0,3,"Davis, Mrs. Margaret",male,23.4,0,1,PC 756724,6.3102,,S
311,1,1,"Wilson, Miss. Emily",male,42.2,1,0,W/C 642058,99.4992,,Q
312,0,1,"Smith, Mr. John",male,11.2,1,0,W/C 388476,128.4792,,S
313,0,2,"Miller, Mr. Thomas",male,31.8,0,0,W/C 392825,10.8114,,S
314,0,3,"Taylor, Mr. William",female,57.1,0,0,CA 639588,24.5409,,Q
315,0,3,"Anderson, Mr. James",female,16,0,1,W/C 192012,15.4288,D142,S
316,0,3,"Thomas, Mr. Charles",female,20.5,0,1,SOTON 885237,19.0483,,S
317,0,2,"Braund, Mr. Owen Harris",male,37.2,0,0,A/5 385346,41.5046,D143,S
318,1,2,"Cumings, Mrs. John Bradley",male,32.5,0,1,CA 767230,35.9419,,S
319,0,3,"Heikkinen, Miss. Laina",male,34.9,0,0,CA 269718,12.3534,,S
320,0,2,"Futrelle, Mrs. Jacques Heath",male,36.8,0,4,W/C 313434,38.6991,,S
321,0,3,"Allen, Mr. William Henry",male,38.9,0,0,PC 37051,14.4894,,S
322,1,1,"Moran, Mr. James",female,45.5,0,4,W/C 483898,119.2575,,C
323,0,3,"McCarthy, Mr. Timothy J",female,35.7,0,0,STON/O2 860864,20.0193,,S
324,0,3,"Palsson, Master. Gosta Leonard",male,,0,0,W/C 707931,6.6183,,Q
325,0,1,"Johnson, Miss. Anna",female,39.4,1,0,SOTON 405494,108.5948,,S
326,0,1,"Williams, Mrs. Mary",female,56.6,0,4,STON/O2 576746,73.4519,,S
327,0,3,"Brown, Miss. Elizabeth",male,,0,1,PC 975286,13.8084,D119,S
328,0,3,"Davis, Mrs. Margaret",male,,0,0,A/5 317543,13.7435,D57,S
329,0,2,"Wilson, Miss. Emily",male,45.5,1,0,STON/O2 232946,25.9784,,S
330,0,3,"Smith, Mr. John",male,28.3,0,0,SOTON 165164,21.9126,,C
331,0,1,"Miller, Mr. Thomas",male,0.4,0,0,PC 498165,30.8079,,C
332,0,2,"Taylor, Mr. William",female,,0,0,PC 838529,5.6236,,Q
333,0,3,"Anderson, Mr. James",male,,1,0,SOTON 464238,1.6903,,S
334,0,2,"Thomas, Mr. Charles",male,28.7,2,1,W/C 997196,37.0279,D114,C
335,0,3,"Braund, Mr. Owen Harris",male,34.6,0,0,A/5 789611,8.4754,,S
336,0,2,"Cumings, Mrs. John Bradley",male,32.7,1,1,CA 606743,26.4871,,S
337,1,2,"Heikkinen, Miss. Laina",female,39.9,2,0,A/5 150102,23.7094,D123,C
338,1,3,"Futrelle, Mrs. Jacques Heath",female,23.9,2,0,CA 856877,7.8147,,S
339,0,2,"Allen, Mr. William Henry",male,37.2,0,0,SOTON 847307,34.5791,,S
340,0,3,"Moran, Mr. James",male,26.4,0,0,W/C 542028,12.2543,,S
341,0,1,"McCarthy, Mr. Timothy J",male,40.3,0,0,W/C 983063,71.4415,,S
342,0,1,"Palsson, Master. Gosta Leonard",male,38.6,1,0,PC 445648,88.3834,,C
343,1,1,"Johnson, Miss. Anna",male,16.9,0,0,CA 535940,105.9478,,S
344,0,3,"Williams, Mrs. Mary",male,45.2,0,0,W/C 743403,7.39,D96,Q
345,0,2,"Brown, Miss. Elizabeth",male,22.5,0,0,CA 310815,34.8203,,S
346,0,3,"Davis, Mrs. Margaret",male,41.3,1,0,PC 90342,21.4816,D109,S
347,0,3,"Wilson, Miss. Emily",male,35.1,1,1,CA 218201,4.6572,,S
348,0,3,"Smith, Mr. John",male,,0,2,SOTON 187764,14.628,,S
349,1,1,"Miller, Mr. Thomas",male,26.9,1,0,W/C 10470,69.0228,,S
350,0,3,"Taylor, Mr. William",male,25.1,0,0,PC 717704,17.0905,,C
351,0,3,"Anderson, Mr. James",male,,1,0,SOTON 969143,5.8825,,C
352,0,3,"Thomas, Mr. Charles",female,25.8,0,2,W/C 628128,22.5293,,Q
353,1,3,"Braund, Mr. Owen Harris",female,,0,0,SOTON 983524,3.5938,,C
354,0,3,"Cumings, Mrs. John Bradley",male,7.4,2,0,W/C 633549,11.571,,C
355,0,3,"Heikkinen, Miss. Laina",male,,0,0,STON/O2 296215,15.5406,,S
356,1,1,"Futrelle, Mrs. Jacques Heath",male,15.1,1,0,CA 456139,55.2919,D126,C
357,0,1,"Allen, Mr. William Henry",male,,0,0,A/5 991755,49.6375,,S
358,0,3,"Moran, Mr. James",male,53.9,0,1,A/5 786566,14.3001,,S
359,1,3,"McCarthy, Mr. Timothy J",female,28.5,0,0,SOTON 425986,13.4549,D76,S
360,0,3,"Palsson, Master. Gosta Leonard",male,27.6,0,0,STON/O2 167471,13.0347,,S
361,1,3,"Johnson, Miss. Anna",male,31,0,0,SOTON 245413,18.0233,,S
362,1,1,"Williams, Mrs. Mary",male,46.3,0,0,PC 527657,65.799,,Q
363,0,1,"Brown, Miss. Elizabeth",male,17,0,2,CA 229629,91.5053,,S
364,0,3,"Davis, Mrs. Margaret",male,,0,0,A/5 109806,10.0364,,S
365,0,2,"Wilson, Miss. Emily",female,,3,1,STON/O2 628267,15.445,,S
366,0,1,"Smith, Mr. John",male,37,2,0,SOTON 36109,69.7487,,S
367,1,3,"Miller, Mr. Thomas",female,32.7,0,0,STON/O2 318952,10.0822,D3,S
368,1,1,"Taylor, Mr. William",female,44,1,2,A/5 595729,63.8431,,S
369,0,3,"Anderson, Mr. James",male,0.4,0,0,CA 507775,19.8172,,S
370,0,2,"Thomas, Mr. Charles",male,39.5,0,1,SOTON 423122,22.1413,,S
371,0,3,"Braund, Mr. Owen Harris",male,20.8,1,0,A/5 104431,9.122,,C
372,0,2,"Cumings, Mrs. John Bradley",male,4.4,2,1,STON/O2 572308,25.3159,,C
373,0,3,"Heikkinen, Miss. Laina",male,37.2,0,0,STON/O2 517915,13.6097,D90,S
374,1,1,"Futrelle, Mrs. Jacques Heath",female,,1,0,PC 28738,37.2723,,S
375,0,1,"Allen, Mr. William Henry",male,28.1,0,1,W/C 402679,69.2574,D96,S
376,0,2,"Moran, Mr. James",male,43.3,4,2,PC 739308,21.1898,D10,C
377,0,3,"McCarthy, Mr. Timothy J",female,52.6,0,2,PC 875370,11.993,D87,S
378,0,3,"Palsson, Master. Gosta Leonard",male,48.4,0,1,STON/O2 485469,17.2443,,S
379,0,2,"Johnson, Miss. Anna",female,53,0,1,A/5 319415,26.5376,,C
380,0,3,"Williams, Mrs. Mary",male,40.4,1,0,W/C 349274,20.1834,,S
381,1,3,"Brown, Miss. Elizabeth",male,,0,0,PC 277109,12.9318,,S
382,0,3,"Davis, Mrs. Margaret",female,7.6,2,0,W/C 447439,23.3901,D78,S
383,0,1,"Wilson, Miss. Emily",male,26.6,0,0,A/5 168466,63.4121,,Q
384,0,3,"Smith, Mr. John",female,18.2,0,0,STON/O2 721156,8.4981,,C
385,0,1,"Miller, Mr. Thomas",female,60.4,0,0,A/5 686796,99.7029,,S
386,0,2,"Taylor, Mr. William",female,,0,0,SOTON 746692,40.3459,,S
387,0,3,"Anderson, Mr. James",male,31.7,0,0,CA 790620,4.934,D22,S
388,1,1,"Thomas, Mr. Charles",male,,0,0,W/C 233321,72.9083,,Q
389,0,3,"Braund, Mr. Owen Harris",female,30.6,0,0,W/C 138837,9.4269,,Q
390,0,3,"Cumings, Mrs. John Bradley",female,53.7,0,0,STON/O2 745067,13.8357,,S
391,0,3,"Heikkinen, Miss. Laina",female,21.3,0,1,SOTON 748962,13.0586,,C
392,0,3,"Futrelle, Mrs. Jacques Heath",male,32.7,1,0,A/5 829552,20.8705,,S
393,0,1,"Allen, Mr. William Henry",male,19.6,1,0,STON/O2 824513,76.0974,,S
394,1,2,"Moran, Mr. James",female,11.5,0,0,STON/O2 866754,40.4663,,S
395,0,3,"McCarthy, Mr. Timothy J",male,21.4,0,0,CA 917447,11.1567,D47,S
396,1,1,"Palsson, Master. Gosta Leonard",female,29.5,0,0,A/5 853024,113.3533,,Q
397,1,2,"Johnson, Miss. Anna",female,24,0,0,SOTON 361591,27.5725,,S
398,0,1,"Williams, Mrs. Mary",male,,0,0,STON/O2 337239,142.2759,,S
399,1,1,"Brown, Miss. Elizabeth",female,10.3,0,0,STON/O2 351425,26.8275,,Q
400,0,2,"Davis, Mrs. Margaret",female,28.8,0,0,A/5 826177,11.9066,,C
401,1,1,"Wilson, Miss. Emily",male,8.9,0,2,CA 174620,145.9384,,S
402,0,3,"Smith, Mr. John",female,40.6,0,2,PC 139056,8.7104,,S
403,0,3,"Miller, Mr. Thomas",male,31.2,1,0,CA 878242,9.0817,D110,S
404,0,3,"Taylor, Mr. William",female,9.6,3,0,CA 711293,7.877,D96,S
405,0,1,"Anderson, Mr. James",male,,0,0,PC 1944,121.3441,,Q
406,1,1,"Thomas, Mr. Charles",female,19.5,0,0,PC 272258,34.8755,,Q
407,0,1,"Braund, Mr. Owen Harris",male,34.5,1,2,STON/O2 209920,80.8082,,S
408,0,3,"Cumings, Mrs. John Bradley",male,,2,0,W/C 295740,11.4461,,S
409,0,3,"Heikkinen, Miss. Laina",female,3.7,0,1,CA 256035,19.0636,,S
410,0,1,"Futrelle, Mrs. Jacques Heath",male,,0,0,STON/O2 812441,59.7074,,C
411,0,3,"Allen, Mr. William Henry",male,27.8,0,3,PC 692085,15.4293,,S
412,1,1,"Moran, Mr. James",female,39.4,0,0,SOTON 400263,37.8362,,S
413,1,3,"McCarthy, Mr. Timothy J",female,33,0,1,PC 291911,26.3026,,S
414,0,3,"Palsson, Master. Gosta Leonard",male,19.5,0,0,CA 103063,11.5984,,S
415,0,3,"Johnson, Miss. Anna",male,,0,0,PC 68438,13.0513,,S
416,0,3,"Williams, Mrs. Mary",male,18.9,0,0,SOTON 655539,22.6803,D42,S
417,0,3,"Brown, Miss. Elizabeth",male,45.1,1,0,PC 697203,9.568,D95,Q
418,0,2,"Davis, Mrs. Margaret",male,30.3,0,2,STON/O2 528282,43.7581,,C
419,1,3,"Wilson, Miss. Emily",female,56.6,0,2,W/C 68546,10.5929,,C
420,0,1,"Smith, Mr. John",female,29.2,0,1,PC 341716,104.1811,D144,S
421,0,3,"Miller, Mr. Thomas",female,,0,0,CA 771878,9.6498,,S
422,1,3,"Taylor, Mr. William",female,,3,1,A/5 169050,5.0672,,S
423,0,3,"Anderson, Mr. James",male,4.8,0,0,STON/O2 514672,15.4254,,S
424,0,3,"Thomas, Mr. Charles",male,,0,0,A/5 598702,16.7434,,C
425,0,3,"Braund, Mr. Owen Harris",male,33.7,1,0,PC 705582,5.3021,,S
426,0,3,"Cumings, Mrs. John Bradley",male,37.1,0,0,CA 877038,11.2037,,S
427,1,3,"Heikkinen, Miss. Laina",male,,1,0,STON/O2 22996,20.0244,,C
428,1,1,"Futrelle, Mrs. Jacques Heath",female,42.5,0,0,PC 84697,101.6043,D58,Q
429,0,1,"Allen, Mr. William Henry",male,,0,0,SOTON 593052,65.7723,,S
430,0,2,"Moran, Mr. James",male,32.1,0,1,W/C 353868,18.2778,,S
431,0,1,"McCarthy, Mr. Timothy J",male,,0,0,A/5 745026,150.1368,D122,S
432,0,3,"Palsson, Master. Gosta Leonard",female,42.6,1,0,W/C 222432,4.5354,,S
433,0,1,"Johnson, Miss. Anna",male,,1,0,W/C 942978,77.8689,,S
434,0,3,"Williams, Mrs. Mary",male,17.5,0,0,W/C 502616,4.4315,,S
435,0,2,"Brown, Miss. Elizabeth",male,0.4,0,0,CA 231487,39.7917,,Q
436,1,1,"Davis, Mrs. Margaret",female,19.9,1,0,STON/O2 687505,79.7435,,S
437,0,3,"Wilson, Miss. Emily",male,,2,0,STON/O2 250434,14.0423,,S
438,1,3,"Smith, Mr. John",female,,0,0,STON/O2 338819,29.198,,S
439,0,3,"Miller, Mr. Thomas",female,28.2,0,0,A/5 501638,9.5282,D24,S
440,0,3,"Taylor, Mr. William",male,31.1,0,1,PC 618904,23.2292,,C
441,0,3,"Anderson, Mr. James",male,26.9,1,0,W/C 257349,10.7142,,S
442,1,1,"Thomas, Mr. Charles",female,20.9,0,0,W/C 951128,71.5936,D5,S
443,0,3,"Braund, Mr. Owen Harris",male,32.4,0,1,SOTON 310091,28.4333,D30,S
444,0,3,"Cumings, Mrs. John Bradley",male,36.2,1,0,SOTON 838462,12.0576,,C
445,0,3,"Heikkinen, Miss. Laina",female,14.7,0,0,W/C 829875,4.9599,,S
446,1,1,"Futrelle, Mrs. Jacques Heath",female,49.8,0,1,A/5 230685,90.1491,D82,C
447,0,3,"Allen, Mr. William Henry",female,28.6,0,0,A/5 653307,11.9895,,S
448,1,1,"Moran, Mr. James",female,30.3,0,0,A/5 975384,93.2155,,S
449,0,1,"McCarthy, Mr. Timothy J",male,39.9,0,0,PC 645742,75.1905,D91,S
450,1,2,"Palsson, Master. Gosta Leonard",male,33.3,0,0,SOTON 375319,49.9249,,Q
451,1,3,"Johnson, Miss. Anna",female,43.3,0,0,SOTON 154868,16.2569,,Q
452,0,3,"Williams, Mrs. Mary",male,34,0,0,STON/O2 481001,6.7115,,S
453,0,3,"Brown, Miss. Elizabeth",male,21.4,1,0,W/C 158029,13.7286,,S
454,1,3,"Davis, Mrs. Margaret",female,35.1,1,0,W/C 546580,8.3222,D140,S
455,0,2,"Wilson, Miss. Emily",male,14,0,0,SOTON 717087,22.2132,,S
456,0,2,"Smith, Mr. John",male,,0,0,PC 10759,14.7575,D82,S
457,0,2,"Miller, Mr. Thomas",male,29.5,0,0,A/5 269556,48.7051,,C
458,0,3,"Taylor, Mr. William",male,27.1,0,0,W/C 283648,8.9554,,Q
459,0,1,"Anderson, Mr. James",male,28.2,0,0,SOTON 271651,104.7523,,S
460,1,3,"Thomas, Mr. Charles",male,3.7,0,2,STON/O2 399036,11.1076,,S
461,0,3,"Braund, Mr. Owen Harris",male,22.3,0,0,CA 487383,6.2233,,C
462,0,2,"Cumings, Mrs. John Bradley",male,,0,0,PC 801019,27.2236,,C
463,0,3,"Heikkinen, Miss. Laina",female,,0,0,PC 583020,15.344,,S
464,0,3,"Futrelle, Mrs. Jacques Heath",male,15.6,1,0,PC 439715,16.268,,S
465,0,3,"Allen, Mr. William Henry",female,47.7,0,2,STON/O2 917536,0,,S
466,0,3,"Moran, Mr. James",male,17.9,0,0,A/5 497586,5.7762,,S
467,0,2,"McCarthy, Mr. Timothy J",male,,0,3,W/C 556728,35.7725,,S
468,1,2,"Palsson, Master. Gosta Leonard",female,36,1,0,SOTON 658749,14.6094,,S
469,0,3,"Johnson, Miss. Anna",male,21,1,0,SOTON 639803,14.1872,,S
470,0,3,"Williams, Mrs. Mary",female,,0,0,CA 745821,5.6406,,S
471,0,1,"Brown, Miss. Elizabeth",male,13.3,0,1,W/C 640791,106.3376,,S
472,0,3,"Davis, Mrs. Margaret",female,,0,0,W/C 303085,18.4479,,S
473,0,3,"Wilson, Miss. Emily",male,44,0,0,PC 448166,17.2817,,C
474,0,3,"Smith, Mr. John",female,20.6,0,0,W/C 743319,19.0405,,C
475,1,1,"Miller, Mr. Thomas",male,49.5,1,0,W/C 328507,136.3004,,S
476,0,3,"Taylor, Mr. William",female,26.5,0,2,SOTON 587030,6.1317,,S
477,0,3,"Anderson, Mr. James",male,34,1,0,CA 492112,8.3863,D45,Q
478,0,1,"Thomas, Mr. Charles",male,33.6,0,0,PC 835289,112.3116,D51,S
479,1,1,"Braund, Mr. Owen Harris",female,,0,0,SOTON 160245,120.6879,,S
480,0,3,"Cumings, Mrs. John Bradley",male,41.4,1,0,CA 847200,9.0551,,S
481,0,1,"Heikkinen, Miss. Laina",male,41.1,0,2,CA 478959,53.2201,,S
482,0,3,"Futrelle, Mrs. Jacques Heath",female,5.5,0,0,W/C 571517,9.1846,D82,S
483,0,3,"Allen, Mr. William Henry",male,48.3,0,0,STON/O2 63583,3.6102,,Q
484,1,2,"Moran, Mr. James",male,6.7,0,1,CA 160996,10.6966,D6,S
485,0,3,"McCarthy, Mr. Timothy J",male,44.5,4,0,CA 467185,5.7033,,S
486,0,2,"Palsson, Master. Gosta Leonard",female,45.8,0,0,A/5 765948,21.6914,,Q
487,0,3,"Johnson, Miss. Anna",male,,3,0,STON/O2 266808,14.5844,D133,S
488,1,2,"Williams, Mrs. Mary",male,24.2,3,0,A/5 684550,29.8766,,S
489,1,3,"Brown, Miss. Elizabeth",female,14.5,1,0,PC 455377,10.0249,,S
490,1,1,"Davis, Mrs. Margaret",female,27,0,2,PC 653692,62.5765,,S
491,1,2,"Wilson, Miss. Emily",male,25.7,0,0,CA 202664,26.3912,,S
492,0,3,"Smith, Mr. John",male,40.9,1,0,CA 858411,4.2483,,S
493,0,2,"Miller, Mr. Thomas",male,48.3,0,3,PC 833643,35.7937,D149,S
494,0,3,"Taylor, Mr. William",male,49.5,0,0,A/5 206320,20.5195,,S
495,0,2,"Anderson, Mr. James",male,22.1,0,0,W/C 32346,17.9622,,S
496,0,3,"Thomas, Mr. Charles",male,27.1,0,0,SOTON 367595,10.6691,,S
497,1,1,"Braund, Mr. Owen Harris",male,6.4,0,2,SOTON 890340,124.7592,,S
498,0,3,"Cumings, Mrs. John Bradley",male,18.7,0,0,SOTON 150014,12.2801,,S
499,0,3,"Heikkinen, Miss. Laina",female,,0,1,W/C 854575,16.4412,,S
500,1,1,"Futrelle, Mrs. Jacques Heath",female,52.6,1,1,W/C 3016,76.677,,Q
501,1,1,"Allen, Mr. William Henry",female,12.7,0,0,CA 964813,136.0271,,S
502,0,1,"Moran, Mr. James",male,21.7,2,0,STON/O2 16748,97.6429,,S
503,0,3,"McCarthy, Mr. Timothy J",male,29.6,1,1,STON/O2 870440,16.2038,,C
504,1,2,"Palsson, Master. Gosta Leonard",female,33.9,1,0,A/5 428345,31.3709,,S
505,0,3,"Johnson, Miss. Anna",female,18.7,0,1,SOTON 202081,9.7526,,S
506,1,2,"Williams, Mrs. Mary",male,,1,2,STON/O2 893055,19.7886,,C
507,0,2,"Brown, Miss. Elizabeth",female,23.4,0,0,CA 731377,33.654,,C
508,1,3,"Davis, Mrs. Margaret",female,29.8,1,0,A/5 521140,13.7395,D59,S
509,0,3,"Wilson, Miss. Emily",female,37.6,0,1,STON/O2 718237,6.111,,S
510,0,1,"Smith, Mr. John",female,30.1,1,1,A/5 68309,147.4318,,S
511,0,1,"Miller, Mr. Thomas",male,23.9,4,0,CA 502775,115.2106,,C
512,0,1,"Taylor, Mr. William",male,28.5,0,0,SOTON 186639,81.3545,,S
513,1,3,"Anderson, Mr. James",female,,0,0,CA 560614,11.4,D77,S
514,1,3,"Thomas, Mr. Charles",female,24.8,1,0,CA 792511,14.1623,,C
515,0,3,"Braund, Mr. Owen Harris",male,26.4,0,0,SOTON 612628,16.0275,,S
516,0,3,"Cumings, Mrs. John Bradley",male,52.4,1,0,W/C 872643,1.1069,,C
517,1,3,"Heikkinen, Miss. Laina",male,37.9,0,0,STON/O2 305893,25.3572,,S
518,0,3,"Futrelle, Mrs. Jacques Heath",female,25.9,0,0,SOTON 643480,8.3792,D13,S
519,0,3,"Allen, Mr. William Henry",female,39.8,3,0,W/C 866665,12.9889,D122,S
520,0,1,"Moran, Mr. James",male,25.3,0,0,STON/O2 899342,81.2552,,C
521,0,1,"McCarthy, Mr. Timothy J",male,46.4,1,0,W/C 583036,151.8866,,S
522,0,2,"Palsson, Master. Gosta Leonard",male,35.2,0,0,SOTON 326370,24.0086,,S
523,1,1,"Johnson, Miss. Anna",female,,0,0,PC 409117,137.1863,,S
524,0,3,"Williams, Mrs. Mary",female,,0,0,W/C 283635,15.3794,,S
525,1,3,"Brown, Miss. Elizabeth",female,8,0,0,A/5 167052,7.373,,Q
526,0,1,"Davis, Mrs. Margaret",male,14.2,1,0,W/C 227597,84.8495,D110,S
527,0,1,"Wilson, Miss. Emily",male,,0,3,W/C 483737,75.7337,,S
528,0,3,"Smith, Mr. John",male,32,0,0,A/5 542285,6.6582,D51,Q
529,0,3,"Miller, Mr. Thomas",male,54.3,0,2,STON/O2 657228,15.0927,,S
530,0,2,"Taylor, Mr. William",female,61.2,1,0,CA 420614,25.2487,,S
531,0,3,"Anderson, Mr. James",female,,0,0,STON/O2 360500,16.2551,D96,S
532,1,1,"Thomas, Mr. Charles",female,37,1,2,PC 934758,86.9607,D38,C
533,1,1,"Braund, Mr. Owen Harris",female,4.8,0,0,A/5 226226,56.5603,,S
534,0,3,"Cumings, Mrs. John Bradley",male,22.4,0,0,CA 845297,17.4948,,S
535,0,3,"Heikkinen, Miss. Laina",female,,1,0,SOTON 465175,9.3473,,S
536,1,1,"Futrelle, Mrs. Jacques Heath",female,21.3,0,0,PC 597432,0,D148,S
537,1,3,"Allen, Mr. William Henry",female,27.6,0,0,W/C 969125,13.7526,D82,S
538,0,3,"Moran, Mr. James",male,23.4,0,0,CA 313809,9.7587,D50,S
539,0,3,"McCarthy, Mr. Timothy J",male,2.3,0,0,SOTON 182675,15.2355,,S
540,0,3,"Palsson, Master. Gosta Leonard",male,40.5,1,0,STON/O2 801757,24.6934,,S
541,0,3,"Johnson, Miss. Anna",female,15,0,3,SOTON 395969,24.8623,,S
542,0,3,"Williams, Mrs. Mary",male,33.3,1,0,CA 674356,12.034,,C
543,0,3,"Brown, Miss. Elizabeth",male,59,0,0,CA 730643,8.1649,D66,C
544,1,1,"Davis, Mrs. Margaret",female,17.1,0,1,CA 117737,101.0486,,C
545,0,1,"Wilson, Miss. Emily",male,0.4,2,0,SOTON 263968,66.6719,,S
546,0,2,"Smith, Mr. John",male,26,0,0,A/5 765705,29.4075,,S
547,0,3,"Miller, Mr. Thomas",male,45.4,0,0,PC 274661,9.134,,S
548,0,1,"Taylor, Mr. William",female,57.4,0,0,CA 411092,89.0249,,Q
549,1,3,"Anderson, Mr. James",male,12.8,0,0,SOTON 974858,8.25,,C
550,1,3,"Thomas, Mr. Charles",female,37,0,1,STON/O2 733079,19.9279,,C
551,0,1,"Braund, Mr. Owen Harris",male,23.5,0,3,A/5 779610,58.7608,,S
552,0,3,"Cumings, Mrs. John Bradley",female,,0,0,STON/O2 902448,16.8674,,S
553,0,2,"Heikkinen, Miss. Laina",male,67,0,0,W/C 273126,10.7714,D2,S
554,0,3,"Futrelle, Mrs. Jacques Heath",male,,0,0,A/5 420814,17.5699,,S
555,1,1,"Allen, Mr. William Henry",female,33.6,0,0,STON/O2 595140,45.2102,D78,S
556,0,3,"Moran, Mr. James",male,36.5,0,2,STON/O2 780427,14.5279,,Q
557,0,3,"McCarthy, Mr. Timothy J",male,,0,0,CA 285331,18.9857,,S
558,0,3,"Palsson, Master. Gosta Leonard",male,31.4,2,0,W/C 654009,11.8301,,S
559,0,3,"Johnson, Miss. Anna",female,34.3,0,1,CA 788646,6.9794,D104,S
560,0,3,"Williams, Mrs. Mary",male,24.5,1,0,SOTON 520382,15.9064,D142,Q
561,0,3,"Brown, Miss. Elizabeth",female,33.8,0,0,W/C 961985,8.0803,,S
562,0,3,"Davis, Mrs. Margaret",male,,0,0,PC 439055,10.6352,,S
563,0,3,"Wilson, Miss. Emily",male,38.7,0,1,STON/O2 845846,14.553,,Q
564,0,1,"Smith, Mr. John",male,24.8,0,0,A/5 944042,128.9843,,S
565,0,3,"Miller, Mr. Thomas",male,35.3,0,1,STON/O2 891001,13.1553,,S
566,0,3,"Taylor, Mr. William",male,,0,0,PC 205573,13.1337,,S
567,0,3,"Anderson, Mr. James",male,,0,1,W/C 61481,17.3145,,S
568,0,1,"Thomas, Mr. Charles",male,29.3,2,1,SOTON 290884,81.8134,,C
569,0,3,"Braund, Mr. Owen Harris",female,5.2,0,0,A/5 990609,16.7179,,C
570,0,2,"Cumings, Mrs. John Bradley",male,47.7,0,0,CA 497733,37.1335,D40,S
571,1,3,"Heikkinen, Miss. Laina",male,17.3,1,0,PC 300140,11.0827,D106,S
572,1,1,"Futrelle, Mrs. Jacques Heath",female,20.8,0,0,PC 647484,0,,S
573,0,3,"Allen, Mr. William Henry",male,,0,0,PC 67126,8.2151,D104,S
574,0,3,"Moran, Mr. James",male,49.2,1,0,CA 27119,20.0708,,S
575,1,1,"McCarthy, Mr. Timothy J",female,0.4,1,0,A/5 117894,78.7845,,S
576,0,3,"Palsson, Master. Gosta Leonard",female,73.9,1,0,CA 396924,11.0161,,S
577,0,2,"Johnson, Miss. Anna",male,44.8,0,0,W/C 45989,38.1263,,C
578,0,3,"Williams, Mrs. Mary",female,,0,0,STON/O2 804563,12.4072,D52,S
579,0,3,"Brown, Miss. Elizabeth",male,,2,0,PC 976648,0.7587,,S
580,0,3,"Davis, Mrs. Margaret",male,,0,1,PC 543169,4.194,,S
581,0,3,"Wilson, Miss. Emily",male,37.3,0,0,CA 353935,15.4491,D91,C
582,0,3,"Smith, Mr. John",female,39,0,0,A/5 70306,12.6087,,S
583,0,2,"Miller, Mr. Thomas",male,37.8,0,2,PC 927592,41.3649,,S
584,1,2,"Taylor, Mr. William",male,31.3,0,0,STON/O2 512030,16.7507,,S
585,0,3,"Anderson, Mr. James",male,27.2,0,2,PC 629800,11.1894,,C
586,0,3,"Thomas, Mr. Charles",male,27.9,0,0,CA 100599,7.8257,,S
587,0,3,"Braund, Mr. Owen Harris",male,,0,0,W/C 342653,9.9545,,C
588,0,3,"Cumings, Mrs. John Bradley",male,,1,0,PC 703609,1.9324,D101,Q
589,0,2,"Heikkinen, Miss. Laina",male,38.3,0,0,A/5 309509,20.661,,C
590,0,3,"Futrelle, Mrs. Jacques Heath",male,0.4,0,0,PC 659146,12.6966,,S
591,1,1,"Allen, Mr. William Henry",male,39.2,0,0,PC 127525,75.0921,,S
592,0,3,"Moran, Mr. James",male,32.7,0,0,SOTON 561591,25.5749,D59,S
593,0,1,"McCarthy, Mr. Timothy J",male,29.7,0,0,W/C 266026,146.0054,D3,Q
594,0,2,"Palsson, Master. Gosta Leonard",male,,0,0,A/5 181394,16.5524,,S
595,1,2,"Johnson, Miss. Anna",female,45.7,1,0,SOTON 418740,2.0057,,S
596,0,2,"Williams, Mrs. Mary",male,43.3,2,0,PC 16861,23.884,,S
597,1,3,"Brown, Miss. Elizabeth",female,,0,0,CA 317405,15.2026,,S
598,0,2,"Davis, Mrs. Margaret",male,35.7,0,3,CA 659197,15.3196,,S
599,1,2,"Wilson, Miss. Emily",male,16.4,0,0,SOTON 873521,15.8765,D112,S
600,1,1,"Smith, Mr. John",male,10.7,1,2,PC 706191,136.972,,S
601,1,2,"Miller, Mr. Thomas",male,21.2,1,1,W/C 956759,22.1025,,C
602,1,1,"Taylor, Mr. William",male,,0,0,PC 685880,103.841,,S
603,0,1,"Anderson, Mr. James",male,43.3,0,0,W/C 984276,46.509,,S
604,0,3,"Thomas, Mr. Charles",male,37.2,1,0,W/C 864517,12.6669,,S
605,0,3,"Braund, Mr. Owen Harris",male,,0,0,PC 843388,11.0324,,S
606,0,3,"Cumings, Mrs. John Bradley",male,37.2,0,0,W/C 456561,9.0491,D59,C
607,0,3,"Heikkinen, Miss. Laina",male,21,0,0,STON/O2 278132,19.7585,,S
608,0,2,"Futrelle, Mrs. Jacques Heath",male,36,0,0,CA 559088,9.3751,,S
609,0,3,"Allen, Mr. William Henry",male,41.2,1,0,CA 159502,14.7553,,S
610,0,3,"Moran, Mr. James",female,40.6,2,0,SOTON 258653,10.9225,,Q
611,0,3,"McCarthy, Mr. Timothy J",male,,0,0,PC 996302,15.4267,D104,S
612,1,1,"Palsson, Master. Gosta Leonard",female,39.9,0,1,SOTON 581520,67.7032,D76,C
613,1,2,"Johnson, Miss. Anna",male,34.9,0,0,SOTON 825142,34.7559,,S
614,0,2,"Williams, Mrs. Mary",male,45,0,0,PC 617323,14.4283,,S
615,1,2,"Brown, Miss. Elizabeth",female,29.6,0,0,STON/O2 818715,38.0225,,S
616,1,3,"Davis, Mrs. Margaret",female,,0,0,PC 990862,12.8315,,C
617,0,3,"Wilson, Miss. Emily",male,27.7,0,0,PC 250863,5.2283,,S
618,1,3,"Smith, Mr. John",male,19.6,0,0,A/5 63508,16.9793,D12,Q
619,0,3,"Miller, Mr. Thomas",female,20.5,0,0,SOTON 376579,11.8367,,S
620,0,3,"Taylor, Mr. William",female,,0,0,STON/O2 4098,3.0091,,S
621,0,3,"Anderson, Mr. James",male,18.9,0,2,A/5 729993,14.9449,,S
622,0,3,"Thomas, Mr. Charles",male,25.7,0,2,A/5 301388,18.8886,D54,C
623,0,1,"Braund, Mr. Owen Harris",male,,3,0,W/C 841765,126.1569,,S
624,0,1,"Cumings, Mrs. John Bradley",male,33,0,0,W/C 576257,66.3793,D4,C
625,1,1,"Heikkinen, Miss. Laina",male,30,0,0,A/5 202495,85.2314,,Q
626,0,3,"Futrelle, Mrs. Jacques Heath",male,18.6,1,0,CA 76028,13.2956,,Q
627,0,3,"Allen, Mr. William Henry",male,39.2,5,0,W/C 919958,21.7153,D79,S
628,1,2,"Moran, Mr. James",female,43.1,0,0,STON/O2 39575,15.882,,S
629,0,3,"McCarthy, Mr. Timothy J",male,7.5,1,2,A/5 636404,10.2817,,C
630,0,1,"Palsson, Master. Gosta Leonard",male,19.3,0,0,SOTON 915306,49.9501,D58,S
631,0,3,"Johnson, Miss. Anna",female,19.2,0,0,STON/O2 997114,4.5225,D82,S
632,0,2,"Williams, Mrs. Mary",female,,0,0,W/C 561815,27.7876,,S
633,0,1,"Brown, Miss. Elizabeth",male,41.6,0,0,W/C 616760,137.6467,,S
634,0,3,"Davis, Mrs. Margaret",male,,1,0,STON/O2 606507,11.8389,,S
635,0,2,"Wilson, Miss. Emily",male,26.3,0,3,SOTON 120783,15.0787,,S
636,0,2,"Smith, Mr. John",male,1.9,0,0,STON/O2 934951,27.1022,,S
637,0,2,"Miller, Mr. Thomas",male,,0,0,SOTON 608553,31.6276,,S
638,0,3,"Taylor, Mr. William",male,12.7,0,0,PC 56114,12.0853,,S
639,0,3,"Anderson, Mr. James",male,30.8,0,0,SOTON 207422,21.2107,,S
640,0,2,"Thomas, Mr. Charles",male,33.9,1,0,PC 801322,15.8609,,S
641,0,3,"Braund, Mr. Owen Harris",male,49,1,0,SOTON 315626,11.3212,,S
642,0,3,"Cumings, Mrs. John Bradley",male,,1,0,W/C 920244,14.7315,D38,S
643,0,2,"Heikkinen, Miss. Laina",male,0.4,1,1,PC 143290,29.4208,D138,S
644,0,2,"Futrelle, Mrs. Jacques Heath",male,32.6,0,0,PC 822154,25.5313,,S
645,0,1,"Allen, Mr. William Henry",male,55.2,1,0,A/5 859407,33.9769,,C
646,1,1,"Moran, Mr. James",female,47.3,0,0,PC 886697,164.1684,,S
647,0,3,"McCarthy, Mr. Timothy J",male,32.9,0,1,CA 162686,11.6196,,C
648,1,1,"Palsson, Master. Gosta Leonard",female,23.1,0,0,W/C 542889,83.9696,,S
649,1,3,"Johnson, Miss. Anna",female,41.3,0,0,SOTON 386398,16.6081,D46,S
650,0,3,"Williams, Mrs. Mary",male,16.4,0,0,STON/O2 461828,9.2764,,S
651,0,1,"Brown, Miss. Elizabeth",male,36.7,0,0,SOTON 760860,82.0494,,S
652,0,3,"Davis, Mrs. Margaret",male,,1,0,SOTON 950014,9.0384,D116,S
653,0,2,"Wilson, Miss. Emily",male,44.8,0,1,A/5 131439,29.6749,,S
654,0,3,"Smith, Mr. John",female,68.6,0,0,CA 120277,11.3853,,S
655,0,3,"Miller, Mr. Thomas",male,35.5,2,0,PC 566198,14.572,D2,S
656,0,3,"Taylor, Mr. William",male,,0,0,SOTON 681215,6.8778,,S
657,0,3,"Anderson, Mr. James",male,29.6,0,1,PC 376982,8.1508,D138,Q
658,1,1,"Thomas, Mr. Charles",male,5.2,0,0,PC 98204,30.8549,,S
659,0,3,"Braund, Mr. Owen Harris",male,20.3,0,0,CA 945422,8.8434,,S
660,0,3,"Cumings, Mrs. John Bradley",male,24.3,0,0,PC 518953,0,,S
661,0,3,"Heikkinen, Miss. Laina",male,22.7,0,0,W/C 786428,11.2035,,S
662,0,3,"Futrelle, Mrs. Jacques Heath",female,32.1,0,0,A/5 519985,9.8747,,C
663,0,3,"Allen, Mr. William Henry",male,,0,0,CA 426466,13.8828,,S
664,0,1,"Moran, Mr. James",male,45.7,0,0,STON/O2 819408,81.6059,D61,S
665,0,1,"McCarthy, Mr. Timothy J",male,30,0,0,W/C 579032,125.2549,,C
666,0,3,"Palsson, Master. Gosta Leonard",male,29.9,0,0,W/C 527761,28.1767,D66,S
667,0,2,"Johnson, Miss. Anna",male,,1,0,SOTON 554003,37.7973,,S
668,0,3,"Williams, Mrs. Mary",male,32.2,0,0,STON/O2 254856,10.3493,D53,Q
669,0,3,"Brown, Miss. Elizabeth",male,41.6,0,1,CA 520637,10.1137,,S
670,0,2,"Davis, Mrs. Margaret",male,,1,3,SOTON 426426,34.7725,D23,S
671,0,1,"Wilson, Miss. Emily",male,20.8,0,3,STON/O2 824749,19.3996,,S
672,1,3,"Smith, Mr. John",female,,0,1,SOTON 689722,11.1561,,S
673,0,2,"Miller, Mr. Thomas",male,11.2,0,0,SOTON 509410,22.3208,,S
674,0,3,"Taylor, Mr. William",male,18.5,1,0,PC 745917,16.4172,,C
675,0,2,"Anderson, Mr. James",male,23.3,1,0,SOTON 819403,31.906,,S
676,1,3,"Thomas, Mr. Charles",female,42.2,0,0,PC 238230,8.6443,,C
677,0,1,"Braund, Mr. Owen Harris",male,33.7,1,0,CA 634245,65.0826,D40,Q
678,0,3,"Cumings, Mrs. John Bradley",male,32.7,0,0,STON/O2 301102,15.6039,,S
679,0,3,"Heikkinen, Miss. Laina",female,41.9,0,0,CA 268825,8.3263,,S
680,1,3,"Futrelle, Mrs. Jacques Heath",female,28.1,0,0,SOTON 214328,20.0558,,S
681,0,1,"Allen, Mr. William Henry",female,35.5,0,0,CA 160224,101.9303,,C
682,0,3,"Moran, Mr. James",male,28.6,1,2,W/C 189691,14.0033,,C
683,0,3,"McCarthy, Mr. Timothy J",male,,0,0,CA 992244,15.287,,S
684,1,1,"Palsson, Master. Gosta Leonard",female,21.8,0,0,STON/O2 615361,63.1919,,S
685,1,1,"Johnson, Miss. Anna",female,0.4,2,2,PC 536505,57.4535,,S
686,0,1,"Williams, Mrs. Mary",male,28.1,0,0,W/C 414870,64.71,D135,C
687,1,3,"Brown, Miss. Elizabeth",male,,0,0,STON/O2 264552,15.9248,,S
688,0,3,"Davis, Mrs. Margaret",male,43,0,0,PC 568191,14.1759,,S
689,1,3,"Wilson, Miss. Emily",female,,1,0,A/5 108042,10.5271,,C
690,0,1,"Smith, Mr. John",male,47.3,1,1,W/C 657578,106.9849,D24,S
691,0,2,"Miller, Mr. Thomas",male,31.2,0,0,SOTON 977302,23.0431,D78,S
692,0,3,"Taylor, Mr. William",male,32.8,0,0,PC 385333,8.9441,,S
693,0,3,"Anderson, Mr. James",male,,0,0,SOTON 555393,14.4879,D109,S
694,0,3,"Thomas, Mr. Charles",male,25.6,1,0,STON/O2 380570,7.0738,,S
695,0,1,"Braund, Mr. Owen Harris",male,38.6,0,3,CA 406155,19.2599,,Q
696,0,3,"Cumings, Mrs. John Bradley",male,46.9,0,0,STON/O2 26322,12.9701,,S
697,0,2,"Heikkinen, Miss. Laina",male,28,2,0,A/5 845647,17.6041,D107,S
698,0,2,"Futrelle, Mrs. Jacques Heath",male,23.7,0,0,A/5 956782,22.1408,,S
699,0,3,"Allen, Mr. William Henry",male,30,0,0,SOTON 95835,7.3446,,S
700,0,3,"Moran, Mr. James",male,38.4,0,2,CA 74079,20.0723,,S
701,0,3,"McCarthy, Mr. Timothy J",male,9.8,2,0,STON/O2 688100,9.1303,,C
702,1,1,"Palsson, Master. Gosta Leonard",male,0.4,0,0,W/C 8253,64.448,,C
703,0,1,"Johnson, Miss. Anna",male,22.3,0,0,W/C 982835,93.6038,,S
704,0,3,"Williams, Mrs. Mary",male,12.9,0,1,A/5 311509,4.9468,,S
705,0,3,"Brown, Miss. Elizabeth",male,22.9,0,0,PC 951935,4.5143,,S
706,1,2,"Davis, Mrs. Margaret",female,27.9,0,1,SOTON 150485,29.2857,,Q
707,0,1,"Wilson, Miss. Emily",male,23.7,0,0,PC 563773,63.9819,,S
708,1,1,"Smith, Mr. John",female,50.3,5,2,A/5 898936,47.5462,,C
709,1,3,"Miller, Mr. Thomas",male,34.6,0,0,W/C 534119,16.5297,D52,S
710,0,1,"Taylor, Mr. William",female,34.2,0,0,PC 6004,50.7708,,Q
711,1,2,"Anderson, Mr. James",female,38.7,0,0,PC 309068,21.9117,,S
712,1,1,"Thomas, Mr. Charles",male,14.1,0,0,W/C 38170,47.7393,,C
713,1,2,"Braund, Mr. Owen Harris",male,,1,2,CA 408878,28.4137,,S
714,0,1,"Cumings, Mrs. John Bradley",male,28.9,0,1,CA 891648,127.9547,,S
715,0,3,"Heikkinen, Miss. Laina",male,39.4,0,0,STON/O2 179475,2.1129,,S
716,0,1,"Futrelle, Mrs. Jacques Heath",female,15,0,0,W/C 325332,84.0557,,C
717,1,3,"Allen, Mr. William Henry",female,8.2,0,0,SOTON 361777,18.011,,S
718,1,1,"Moran, Mr. James",female,,0,0,PC 64471,64.8268,,Q
719,0,3,"McCarthy, Mr. Timothy J",male,35.3,0,0,SOTON 582575,6.3834,,C
720,0,3,"Palsson, Master. Gosta Leonard",female,17.4,1,0,W/C 322220,15.4626,,S
721,0,3,"Johnson, Miss. Anna",female,17.8,2,0,PC 641763,18.8597,,C
722,0,3,"Williams, Mrs. Mary",male,45.8,0,0,A/5 363009,18.2096,,S
723,0,2,"Brown, Miss. Elizabeth",male,13.3,2,0,W/C 73847,29.1165,,S
724,0,2,"Davis, Mrs. Margaret",female,53,0,0,CA 212811,26.1015,,S
725,0,3,"Wilson, Miss. Emily",male,17.4,0,0,CA 927794,7.7408,D118,S
726,0,3,"Smith, Mr. John",female,38.9,0,3,STON/O2 977446,18.0617,,C
727,0,3,"Miller, Mr. Thomas",male,25.4,0,0,CA 424359,17.7382,,S
728,0,3,"Taylor, Mr. William",female,38.4,0,0,W/C 350924,6.3424,,S
729,0,3,"Anderson, Mr. James",male,22.4,0,0,W/C 421114,15.1322,,S
730,0,3,"Thomas, Mr. Charles",male,27.7,0,1,PC 100919,16.819,,S
731,0,1,"Braund, Mr. Owen Harris",male,,0,0,STON/O2 195020,111.7561,,S
732,0,3,"Cumings, Mrs. John Bradley",female,16,0,0,A/5 44262,12.5613,,C
733,0,3,"Heikkinen, Miss. Laina",female,40.4,1,0,STON/O2 545893,7.9832,,S
734,1,1,"Futrelle, Mrs. Jacques Heath",male,22.8,0,0,W/C 78123,61.9238,,S
735,0,3,"Allen, Mr. William Henry",male,,0,0,CA 350355,7.1076,,
736,1,1,"Moran, Mr. James",female,,0,1,A/5 159964,78.1618,,S
737,0,3,"McCarthy, Mr. Timothy J",male,,0,1,PC 169767,11.5557,D89,C
738,0,1,"Palsson, Master. Gosta Leonard",female,27.3,1,0,W/C 660789,157.2213,,S
739,0,3,"Johnson, Miss. Anna",male,63.8,0,0,SOTON 478032,18.2339,,C
740,0,3,"Williams, Mrs. Mary",male,41,0,2,CA 899212,18.6719,,S
741,0,2,"Brown, Miss. Elizabeth",male,,1,0,PC 157547,30.3027,,S
742,0,3,"Davis, Mrs. Margaret",male,26.3,0,1,PC 678090,10.8512,D32,Q
743,0,3,"Wilson, Miss. Emily",female,30.3,0,0,PC 676371,11.389,D87,C
744,0,3,"Smith, Mr. John",male,37.7,0,2,STON/O2 910507,11.9244,,S
745,0,1,"Miller, Mr. Thomas",male,13.5,1,0,W/C 872627,86.7764,,S
746,1,2,"Taylor, Mr. William",female,45.6,0,2,STON/O2 169393,29.3782,,S
747,0,1,"Anderson, Mr. James",male,40,0,0,W/C 937192,80.0255,,S
748,0,3,"Thomas, Mr. Charles",male,40.1,0,0,A/5 594167,11.3,,C
749,1,3,"Braund, Mr. Owen Harris",female,36.1,0,2,A/5 347872,9.5244,,C
750,0,3,"Cumings, Mrs. John Bradley",male,30.3,0,0,SOTON 927920,4.853,D28,S
751,0,3,"Heikkinen, Miss. Laina",male,39.4,0,0,STON/O2 722782,20.5078,,Q
752,0,3,"Futrelle, Mrs. Jacques Heath",female,,0,0,A/5 649843,25.9023,D77,S
753,0,3,"Allen, Mr. William Henry",male,25,2,1,A/5 544118,20.0161,,S
754,0,1,"Moran, Mr. James",male,22,1,2,PC 777522,34.6736,D28,S
755,0,3,"McCarthy, Mr. Timothy J",male,31.4,0,0,STON/O2 791023,17.604,,S
756,1,1,"Palsson, Master. Gosta Leonard",female,,1,1,W/C 258716,116.8559,D32,S
757,0,3,"Johnson, Miss. Anna",male,,0,0,CA 972686,10.6399,,S
758,0,3,"Williams, Mrs. Mary",male,,0,0,STON/O2 134703,15.8602,,S
759,1,3,"Brown, Miss. Elizabeth",female,32.3,0,0,PC 544344,10.3306,,S
760,1,1,"Davis, Mrs. Margaret",female,,1,0,STON/O2 511241,135.0414,D117,C
761,0,2,"Wilson, Miss. Emily",male,,1,0,A/5 640604,29.1104,D77,S
762,0,2,"Smith, Mr. John",male,33.4,0,3,STON/O2 691807,14.682,D55,S
763,1,2,"Miller, Mr. Thomas",male,26.9,2,0,STON/O2 824622,32.5353,,C
764,0,1,"Taylor, Mr. William",female,50.9,0,0,PC 729359,118.1161,,Q
765,0,3,"Anderson, Mr. James",male,,1,3,W/C 182350,14.1591,D134,Q
766,0,3,"Thomas, Mr. Charles",male,18.4,3,0,CA 789212,15.8047,D116,S
767,0,2,"Braund, Mr. Owen Harris",female,28.6,0,1,CA 715618,24.2153,,S
768,0,2,"Cumings, Mrs. John Bradley",female,,1,0,CA 43192,12.2393,D60,S
769,0,2,"Heikkinen, Miss. Laina",male,27.5,0,1,SOTON 892307,23.293,D42,S
770,1,3,"Futrelle, Mrs. Jacques Heath",female,53.3,0,0,A/5 362273,16.0598,D116,Q
771,0,3,"Allen, Mr. William Henry",male,30.3,0,2,CA 614484,12.251,D109,S
772,0,3,"Moran, Mr. James",female,,0,0,A/5 527683,17.6845,,S
773,0,3,"McCarthy, Mr. Timothy J",male,12.4,2,0,PC 384891,10.7057,D102,S
774,0,3,"Palsson, Master. Gosta Leonard",male,,0,0,A/5 409995,11.0894,,S
775,1,3,"Johnson, Miss. Anna",female,,0,0,SOTON 948226,17.8621,,C
776,0,1,"Williams, Mrs. Mary",male,25.6,1,0,A/5 880608,87.9867,,S
777,0,3,"Brown, Miss. Elizabeth",male,47.9,2,0,A/5 256315,10.5914,,S
778,0,1,"Davis, Mrs. Margaret",female,37.8,0,0,SOTON 446919,117.217,D117,S
779,1,3,"Wilson, Miss. Emily",female,14.4,3,0,PC 139783,8.9709,,S
780,0,2,"Smith, Mr. John",male,33.5,0,0,SOTON 258288,16.8218,,S
781,1,3,"Miller, Mr. Thomas",female,37,1,0,W/C 496187,0,,S
782,0,3,"Taylor, Mr. William",male,46,0,0,W/C 236835,9.7593,D132,S
783,0,3,"Anderson, Mr. James",male,52.1,0,0,A/5 853987,20.656,,S
784,1,3,"Thomas, Mr. Charles",male,15.8,0,0,A/5 207084,0.8771,,Q
785,1,2,"Braund, Mr. Owen Harris",male,18.6,0,0,STON/O2 754315,14.2909,,Q
786,1,1,"Cumings, Mrs. John Bradley",female,12.4,0,0,A/5 924469,95.8065,,Q
787,0,2,"Heikkinen, Miss. Laina",male,26.7,0,0,A/5 249029,0,,S
788,0,1,"Futrelle, Mrs. Jacques Heath",male,,0,1,CA 366169,61.6148,,S
789,0,3,"Allen, Mr. William Henry",male,43.8,1,0,W/C 763072,19.674,,S
790,1,2,"Moran, Mr. James",female,28.9,0,0,CA 528561,47.984,,C
791,1,3,"McCarthy, Mr. Timothy J",male,25.5,0,0,STON/O2 153566,14.6979,D76,Q
792,0,3,"Palsson, Master. Gosta Leonard",male,,0,0,PC 4212,7.5802,,C
793,0,3,"Johnson, Miss. Anna",male,18.3,0,0,CA 477657,7.3832,,S
794,0,1,"Williams, Mrs. Mary",male,,1,0,STON/O2 133152,85.2167,,Q
795,1,3,"Brown, Miss. Elizabeth",male,7.5,1,0,CA 23007,14.6436,D146,S
796,1,3,"Davis, Mrs. Margaret",female,32.6,0,0,W/C 345785,23.8689,,S
797,0,3,"Wilson, Miss. Emily",female,,0,0,STON/O2 788071,18.6792,,S
798,0,3,"Smith, Mr. John",male,30.1,1,0,PC 513164,13.492,,S
799,0,3,"Miller, Mr. Thomas",female,27.3,0,0,CA 791168,11.039,,S
800,1,1,"Taylor, Mr. William",female,25,1,0,STON/O2 17473,188.5296,D129,S
801,1,3,"Anderson, Mr. James",female,27.5,0,3,CA 126801,16.6656,,S
802,0,2,"Thomas, Mr. Charles",male,49.2,1,0,CA 895030,17.4765,D116,S
803,0,1,"Braund, Mr. Owen Harris",male,0.4,0,0,SOTON 226097,71.9136,,C
804,1,2,"Cumings, Mrs. John Bradley",male,51.5,0,2,SOTON 216933,15.1286,,S
805,1,1,"Heikkinen, Miss. Laina",male,10.1,2,0,W/C 722167,0,,S
806,1,1,"Futrelle, Mrs. Jacques Heath",female,,0,0,STON/O2 25220,91.2554,,C
807,1,1,"Allen, Mr. William Henry",female,24,0,1,CA 373146,144.1684,D32,C
808,1,3,"Moran, Mr. James",female,38.2,0,1,PC 698785,3.4612,,S
809,0,3,"McCarthy, Mr. Timothy J",male,,0,0,CA 246752,13.3233,,S
810,0,3,"Palsson, Master. Gosta Leonard",male,36.5,0,0,A/5 570071,8.8646,,S
811,0,2,"Johnson, Miss. Anna",female,58.3,0,0,PC 710687,30.8669,D110,S
812,1,2,"Williams, Mrs. Mary",female,,0,3,CA 918184,23.0613,,S
813,0,3,"Brown, Miss. Elizabeth",male,32.7,0,0,SOTON 667217,5.0437,D67,C
814,1,2,"Davis, Mrs. Margaret",female,20.7,1,0,W/C 861020,13.9626,,S
815,1,1,"Wilson, Miss. Emily",female,36,0,1,CA 247509,50.1092,D29,C
816,0,3,"Smith, Mr. John",male,,0,0,SOTON 543528,20.8643,,C
817,1,1,"Miller, Mr. Thomas",male,21,0,0,A/5 891965,126.5573,D113,Q
818,0,3,"Taylor, Mr. William",male,36.8,0,0,STON/O2 606262,11.1786,,S
819,0,3,"Anderson, Mr. James",male,55.3,0,0,PC 214165,20.1827,,C
820,0,1,"Thomas, Mr. Charles",male,27.3,0,1,CA 453201,73.7654,,S
821,1,1,"Braund, Mr. Owen Harris",female,40.1,0,0,SOTON 791078,68.2401,,S
822,0,3,"Cumings, Mrs. John Bradley",male,11.9,0,1,CA 773411,13.3341,,S
823,0,3,"Heikkinen, Miss. Laina",male,16.6,0,0,A/5 90460,14.6662,,S
824,0,1,"Futrelle, Mrs. Jacques Heath",male,36.6,0,0,A/5 52048,60.004,,C
825,0,3,"Allen, Mr. William Henry",male,,0,3,STON/O2 833184,13.1279,D10,S
826,1,1,"Moran, Mr. James",female,35,0,0,PC 858158,108.3436,,S
827,0,3,"McCarthy, Mr. Timothy J",male,,0,0,A/5 945793,13.7578,,S
828,0,3,"Palsson, Master. Gosta Leonard",male,,0,0,SOTON 267891,13.2503,D8,S
829,1,1,"Johnson, Miss. Anna",female,,1,1,W/C 533046,97.7905,D34,S
830,1,1,"Williams, Mrs. Mary",male,,0,0,W/C 912508,104.0014,,C
831,1,1,"Brown, Miss. Elizabeth",male,42.4,0,0,W/C 675945,77.7458,,S
832,0,2,"Davis, Mrs. Margaret",male,23.7,0,0,SOTON 844382,19.6655,,S
833,1,1,"Wilson, Miss. Emily",male,23.4,0,0,W/C 752588,86.8113,,S
834,0,3,"Smith, Mr. John",male,33.7,0,1,SOTON 166368,3.6753,,S
835,0,1,"Miller, Mr. Thomas",male,23.9,0,0,A/5 20455,72.4284,,S
836,0,3,"Taylor, Mr. William",male,,1,0,A/5 972525,0,D36,S
837,0,3,"Anderson, Mr. James",female,59.4,0,0,CA 232897,3.1966,,Q
838,0,3,"Thomas, Mr. Charles",male,,2,0,W/C 493646,2.3168,D12,S
839,0,3,"Braund, Mr. Owen Harris",male,25,0,2,A/5 833548,19.127,,S
840,0,2,"Cumings, Mrs. John Bradley",male,20.9,0,0,W/C 565772,25.1573,,S
841,0,3,"Heikkinen, Miss. Laina",male,,0,4,SOTON 169332,5.617,,C
842,0,3,"Futrelle, Mrs. Jacques Heath",female,27.5,0,0,STON/O2 737091,15.8727,D83,S
843,1,2,"Allen, Mr. William Henry",male,20.9,0,0,PC 129824,36.1224,,S
844,1,1,"Moran, Mr. James",female,48.5,0,2,STON/O2 817037,98.3055,,C
845,0,3,"McCarthy, Mr. Timothy J",male,49.9,0,0,W/C 956073,11.896,,S
846,0,2,"Palsson, Master. Gosta Leonard",male,21.6,2,0,CA 268724,27.6155,,S
847,0,1,"Johnson, Miss. Anna",male,3.9,1,3,A/5 696003,112.4539,D120,S
848,0,2,"Williams, Mrs. Mary",female,44.1,0,0,PC 883464,19.721,,S
849,1,2,"Brown, Miss. Elizabeth",male,20.4,0,0,PC 480389,25.336,,S
850,0,3,"Davis, Mrs. Margaret",male,,0,0,A/5 40015,11.4954,,S
851,1,3,"Wilson, Miss. Emily",male,2.4,0,0,PC 729165,3.5615,,S
852,0,3,"Smith, Mr. John",female,,0,0,W/C 478508,18.3619,,S
853,0,1,"Miller, Mr. Thomas",male,13,0,0,STON/O2 222775,154.0618,,S
854,1,2,"Taylor, Mr. William",female,40.2,0,0,SOTON 728513,15.1698,,Q
855,0,3,"Anderson, Mr. James",male,30.2,0,1,CA 910222,18.6317,,C
856,0,1,"Thomas, Mr. Charles",male,16.6,3,0,SOTON 669043,49.6882,,C
857,0,2,"Braund, Mr. Owen Harris",male,24.3,1,0,W/C 230303,26.4939,,S
858,0,3,"Cumings, Mrs. John Bradley",male,39.6,2,0,PC 675075,21.8219,,S
859,0,1,"Heikkinen, Miss. Laina",male,31.5,0,0,PC 492599,61.2642,,S
860,0,3,"Futrelle, Mrs. Jacques Heath",male,38.2,0,0,CA 618231,12.9141,,S
861,1,1,"Allen, Mr. William Henry",female,57.7,0,1,SOTON 994209,15.1459,,Q
862,1,1,"Moran, Mr. James",male,8.1,0,0,SOTON 562032,56.0886,,S
863,0,2,"McCarthy, Mr. Timothy J",male,52.6,0,1,PC 481795,3.5544,,S
864,0,3,"Palsson, Master. Gosta Leonard",male,31.5,0,2,A/5 396340,15.5107,D147,S
865,0,3,"Johnson, Miss. Anna",male,17.4,0,0,SOTON 694411,17.8651,,S
866,0,3,"Williams, Mrs. Mary",male,11.4,0,0,A/5 878742,11.7034,,S
867,0,3,"Brown, Miss. Elizabeth",male,27.4,0,0,W/C 459034,14.6724,D118,S
868,1,1,"Davis, Mrs. Margaret",male,42.9,0,0,CA 150748,68.2737,,S
869,0,3,"Wilson, Miss. Emily",female,28.2,0,1,PC 484512,17.3322,,C
870,0,3,"Smith, Mr. John",female,51.2,0,2,W/C 453546,13.7574,,S
871,0,3,"Miller, Mr. Thomas",male,9.7,0,0,PC 497184,1.3839,,Q
872,0,1,"Taylor, Mr. William",male,,0,0,W/C 645467,113.8393,,C
873,0,3,"Anderson, Mr. James",male,12.5,2,2,W/C 645691,10.7212,,S
874,0,1,"Thomas, Mr. Charles",male,,0,3,A/5 781751,34.2663,,C
875,0,2,"Braund, Mr. Owen Harris",male,42.4,1,0,W/C 348591,20.062,D15,S
876,0,3,"Cumings, Mrs. John Bradley",male,24.1,0,0,STON/O2 450181,1.8729,D47,Q
877,1,3,"Heikkinen, Miss. Laina",female,,0,0,A/5 773793,5.6881,,S
878,1,2,"Futrelle, Mrs. Jacques Heath",female,32.8,0,2,PC 193589,26.6082,,S
879,0,2,"Allen, Mr. William Henry",male,36.1,0,0,W/C 357459,27.5505,,S
880,0,3,"Moran, Mr. James",male,,0,0,A/5 814819,14.7927,,S
881,0,3,"McCarthy, Mr. Timothy J",male,47.3,1,0,STON/O2 908278,13.0188,,Q
882,0,3,"Palsson, Master. Gosta Leonard",female,15,0,0,PC 827671,8.9467,,S
883,0,3,"Johnson, Miss. Anna",male,,0,0,SOTON 142268,12.6814,,S
884,0,3,"Williams, Mrs. Mary",male,46.7,0,5,A/5 879247,10.4423,,S
885,1,2,"Brown, Miss. Elizabeth",female,5.1,2,0,A/5 332004,6.71,,Q
886,0,3,"Davis, Mrs. Margaret",male,34.5,0,0,A/5 741537,8.4814,D90,S
887,0,2,"Wilson, Miss. Emily",female,22.9,0,0,STON/O2 230602,35.0073,,S
888,0,2,"Smith, Mr. John",male,28.9,0,0,CA 838985,42.8683,,S
889,0,3,"Miller, Mr. Thomas",male,34.9,1,0,A/5 104976,16.81,,S
890,1,1,"Taylor, Mr. William",male,23.2,4,0,CA 981587,135.5731,D127,S
891,1,3,"Anderson, Mr. James",female,20.5,0,0,A/5 62600,13.4995,,S
